{
  "functions": [
    {
      "source": "functions",
      "codebase": "default"
    }
  ],
  "database": {
    "rules": "database.rules.json"
  },
  "firestore": {
    "rules": "firestore.rules",
    "indexes": "firestore.indexes.json"
  },
  "storage": {
    "rules": "storage.rules"
  },
  "emulators": {
    "functions": {
      "port": 5001
    },
    "database": {
      "port": 9000
    },
    "pubsub": {
      "port": 8085
    },
    "storage": {
      "port": 9199
    },
    "eventarc": {
      "port": 9299
    },
    "ui": {
      "enabled": true
    },
    "singleProjectMode": true
  },
  "extensions": {
    "storage-transcode-videos": ".",
  }
}
